Município,Aprovou?,Data aprovação,Atualização,População,Projeto?,Aprovado?,Sancionado?,Observação
Belo Horizonte/MG,Sim,19/12/2019,,2.530.701,,,,Dispensa menos atividades (275) do que o nível federal (297) e estadual (701)
Contagem/MG,Sim,25/09/2019,,668.949,,,,
Juiz de Fora/MG,Sim,13/04/2021,02/02/2022,573.285,,,,Dispensa menos atividades (578) do que o nível estadual (701)
Montes Claros/MG,Sim,29/10/2019,,413.487,,,,
Ribeirão das Neves/MG,Sim,04/08/2020,,338.197,,,,
Uberaba/MG,Sim,26/07/2019,,337.092,,,,
Governador Valadares/MG,Sim,05/05/2021,,281.046,,,,
Ipatinga/MG,Sim,28/07/2021,,265.409,,,,
Sete Lagoas/MG,Sim,07/04/2020,,241.835,,,,
Divinópolis/MG,Sim,16/12/2019,,240.408,,,,
Santa Luzia/MG,Sim,10/05/2021,,220.444,,,,
Ibirité/MG,Sim,27/10/2021,,182.153,,,,
Poços de Caldas/MG,Sim,24/02/2021,,168.641,,,,
Patos de Minas/MG,Sim,11/09/2020,23/04/2021,153.585,,,,
Pouso Alegre/MG,Sim,15/07/2019,,152.549,,,,
Barbacena/MG,Sim,08/02/2022,23/06/2022,138.204,,,,
Sabará/MG,Sim,22/07/2021,,137.125,,,,
Varginha/MG,Sim,11/01/2021,,136.602,,,,
Vespasiano/MG,Sim,16/06/2021,,129.765,,,,
Conselheiro Lafaiete/MG,Sim,24/06/2021,,129.606,,,,
Itabira/MG,Sim,10/08/2021,05/05/2023,120.904,,,,
Araguari/MG,Sim,04/12/2019,11/03/2022,118.361,,,,
Ubá/MG,Sim,19/08/2021,,117.995,,,,
Passos/MG,Sim,18/11/2021,,115.337,,,,
Coronel Fabriciano/MG,Sim,29/06/2022,,110.290,,,,
Muriaé/MG,Sim,14/09/2021,,109.392,,,,
Araxá/MG,Sim,11/06/2021,,107.337,,,,
Ituiutaba/MG,Sim,12/07/2022,,105.818,,,,
Nova Serrana/MG,Sim,08/01/2020,12/06/2023,105.520,,,,
Lavras/MG,Sim,31/05/2022,,104.783,,,,
Itajubá/MG,Sim,08/12/2021,,97.334,,,,
Nova Lima/MG,Sim,25/05/2021,,96.157,,,,
Pará de Minas/MG,Sim,21/12/2020,,94.808,,,,
Paracatu/MG,Sim,19/07/2021,,93.862,,,,
Itaúna/MG,Sim,17/12/2019,17/09/2021,92.091,,,,
Timóteo/MG,Sim,29/07/2021,,90.568,,,,
São João Del-Rei/MG,Sim,20/10/2021,,90.497,,,,
João Monlevade/MG,Sim,27/04/2021,,80.903,,,,
Curvelo/MG,Sim,21/12/2021,10/06/2022,80.616,,,,
Três Corações/MG,Sim,16/07/2021,,80.032,,,,
Viçosa/MG,Sim,04/06/2019,22/12/2021,79.388,,,,
Cataguases/MG,Sim,24/06/2021,,75.540,,,,
Ouro Preto/MG,Sim,22/12/2020,,74.558,,,,
São Sebastião do Paraíso/MG,Sim,26/07/2021,,71.915,,,,
Januária/MG,Sim,15/06/2021,,67.852,,,,
Formiga/MG,Sim,14/06/2021,,67.822,,,,
Lagoa Santa/MG,Sim,04/08/2021,,66.744,,,,
Pedro Leopoldo/MG,Sim,29/07/2021,,65.149,,,,
Mariana/MG,Sim,05/04/2022,,61.288,,,,
Frutal/MG,Sim,11/05/2021,,60.012,,,,
Ponte Nova/MG,Sim,01/06/2021,,60.003,,,,
Três Pontas/MG,Sim,06/12/2021,,57.097,,,,
Pirapora/MG,Sim,06/04/2022,,56.640,,,,
Campo Belo/MG,Sim,14/06/2021,,54.186,,,,
Lagoa da Prata/MG,Sim,11/02/2021,,52.711,,,,
Itabirito/MG,Sim,01/08/2021,,52.711,,,,
Leopoldina/MG,Sim,16/03/2022,,52.640,,,,
Guaxupé/MG,Sim,24/05/2021,,51.911,,,,
Bom Despacho/MG,Sim,12/04/2021,,51.028,,,,
Bocaiuva/MG,Sim,17/12/2020,,50.521,,,,
Diamantina/MG,Sim,30/11/2021,,47.924,,,,
Santos Dumont/MG,Sim,14/04/2023,,46.421,,,,
São Lourenço/MG,Sim,20/07/2021,,46.202,,,,
Caeté/MG,Sim,11/08/2021,,45.364,,,,
Igarapé/MG,Sim,06/07/2021,,44.561,,,,
Santa Rita do Sapucaí/MG,Sim,30/03/2021,,43.753,,,,
Visconde do Rio Branco/MG,Sim,19/08/2021,,42.965,,,,
Machado/MG,Sim,03/09/2020,,42.413,,,,
Almenara/MG,Sim,05/06/2023,,42.143,,,,
Oliveira/MG,Sim,21/02/2022,,41.840,,,,
Andradas/MG,Sim,13/05/2021,,41.704,,,,
Salinas/MG,Sim,08/12/2021,,41.699,,,,
Nanuque/MG,Sim,18/07/2023,,40.665,,,,
Arcos/MG,Sim,14/09/2020,,40.658,,,,
Ouro Branco/MG,Sim,22/11/2021,,39.867,,,,
Matozinhos/MG,Sim,17/8/2021,,38.469,,,,
Porteirinha/MG,Sim,25/10/2019,,37.823,,,,
Extrema/MG,Sim,12/12/2021,,36.951,,,,
São Gotardo/MG,Sim,30/06/2021,,36.084,,,,
Santana do Paraíso/MG,Sim,10/11/2021,07/03/2022,36.048,,,,
Além Paraíba/MG,Sim,20/04/2023,,35.438,,,,
Guanhães/MG,Sim,27/08/2021,27/09/2022,34.818,,,,
Taiobeiras/MG,Sim,22/10/2021,,34.653,,,,
Sarzedo/MG,Sim,20/08/2021,,34.050,,,,
Ouro Fino/MG,Sim,18/04/2022,,33.938,,,,
Barão de Cocais/MG,Sim,23/07/2021,,33.232,,,,
Três Marias/MG,Sim,15/09/2022,,33.062,,,,
São Joaquim de Bicas/MG,Sim,27/10/2021,,32.696,,,,
Pompéu/MG,Sim,28/03/2022,,32.248,,,,
Santa Barbara/MG,Sim,05/12/2022,,31.873,,,,
Novo Cruzeiro/MG,Sim,20/07/2022,,31.339,,,,
Rio Pardo de Minas/MG,Sim,11/10/2021,,31.171,,,,
Carmo do Paranaíba/MG,Sim,29/07/2021,,30.339,,,,
Cambuí/MG,Sim,08/12/2021,,30.068,,,,
Campos Gerais/MG,Sim,20/04/2022,,28.908,,,,
Prata/MG,Sim,14/06/2022,,28.173,,,,
Coromandel/MG,Sim,01/07/2021,,27.958,,,,
Juatuba/MG,Sim,19/05/2021,,27.823,,,,
Mantena/MG,Sim,10/12/2022,,27.651,,,,
Nepomuceno/MG,Sim,17/05/2021,,26.882,,,,
Coração de Jesus/MG,Sim,30/06/2021,,26.620,,,,
Sacramento/MG,Sim,21/06/2021,,26.556,,,,
Jacutinga/MG,Sim,09/08/2022,,26.538,,,,
São João Nepomuceno/MG,Sim,14/07/2021,,26.530,,,,
Francisco Sá/MG,Sim,02/08/2021,,26.459,,,,
Carandaí/MG,Sim,08/03/2023,,25.831,,,,
São Gonçalo do Sapucaí/MG,Sim,31/05/2023,,25.670,,,,
Espera Feliz/MG,Sim,05/04/2021,,25.287,,,,
Aimorés/MG,Sim,08/12/2021,,25.116,,,,
São José da Lapa/MG,Sim,13/07/2021,27/10/2021,24.501,,,,
Bambuí/MG,Sim,28/03/2022,,23.964,,,,
São João do Paraíso/MG,Sim,05/10/2021,,23.797,,,,
Raul Soares/MG,Sim,17/04/2023,,23.663,,,,
Corinto/MG,Sim,11/10/2022,,23.607,,,,
Itambacuri/MG,Sim,12/11/2021,14/06/2022,23.207,,,,
Conselheiro Pena/MG,Sim,09/08/2021,,22.975,,,,
Carmo do Cajuru/MG,Sim,03/11/2021,,22.900,,,,
Camanducaia/MG,Sim,14/03/2022,,21.831,,,,
Caxambu/MG,Sim,10/02/2020,,21.566,,,,
Monte Santo de Minas/MG,Sim,28/06/2021,,21.504,,,,
Paraisópolis/MG,Sim,01/06/2020,16/11/2022,21.353,,,,
Campestre/MG,Sim,30/04/2021,,21.052,,,,
Medina/MG,Sim,06/10/2022,,20.701,,,,
Jaboticatubas/MG,Sim,05/07/2021,,20.683,,,,
Monte Azul/MG,Sim,02/08/2021,,20.544,,,,
Muzambinho/MG,Sim,24/11/2021,,20.522,,,,
Turmalina/MG,Sim,16/07/2021,,20.280,,,,
Ipanema/MG,Sim,20/09/2021,,20.133,,,,
Santa Vitória/MG,Sim,11/01/2022,,19.997,,,,
Borda da Mata/MG,Sim,30/09/2020,,19.809,,,,
Presidente Olegário/MG,Sim,29/06/2021,,19.680,,,,
Ervália/MG,Sim,27/04/2023,,19.019,,,,
Guaranésia/MG,Sim,05/07/2023,,19.014,,,,
Ipaba/MG,Sim,23/06/2022,,18.926,,,,
Santo Antônio do Amparo/MG,Sim,28/07/2021,,18.697,,,,
Malacacheta/MG,Sim,10/07/2023,,18.556,,,,
Carlos Chagas/MG,Sim,06/12/2022,,18.516,,,,
Luz/MG,Sim,08/04/2021,,18.297,,,,
Lagoa Formosa/MG,Sim,04/10/2021,,18.168,,,,
Arinos/MG,Sim,14/09/2021,,17.850,,,,
Cássia/MG,Sim,26/07/2021,,17.741,,,,
Nova Era/MG,Sim,28/12/2020,,17.524,,,,
Conceição do Mato Dentro/MG,Sim,05/12/2022,,17.438,,,,
Resplendor/MG,Sim,07/12/2021,,17.396,,,,
São Domingos do Prata/MG,Sim,09/09/2022,10/10/2022,17.296,,,,
Nova Resende/MG,Sim,16/03/2021,,16.937,,,,
Campanha/MG,Sim,05/06/2023,,16.855,,,,
Tocantins/MG,Sim,11/04/2023,,16.769,,,,
Raposos/MG,Sim,16/06/2021,,16.501,,,,
Perdizes/MG,Sim,10/01/2022,,16.469,,,,
Itaú de Minas/MG,Sim,23/07/2021,,16.286,,,,
Grão Mogol/MG,Sim,03/08/2021,,15.943,,,,
Felixlândia/MG,Sim,20/10/2022,,15.528,,,,
Capitão Enéas/MG,Sim,02/08/2021,,15.388,,,,
Itapagipe/MG,Sim,17/12/2019,18/04/2023,15.511,,,,
Alvinópolis/MG,Sim,18/11/2022,,15.135,,,,
Botelhos/MG,Sim,17/04/2023,,14.927,,,,
Candeias/MG,Sim,09/08/2022,,14.890,,,,
Bicas/MG,Sim,14/03/2022,,14.612,,,,
Caldas/MG,Sim,09/12/2021,,14.600,,,,
Brazópolis/MG,Sim,24/10/2022,,14.364,,,,
Astolfo Dutra/MG,Sim,10/04/2023,,14.358,,,,
Rio Piracicaba/MG,Sim,29/11/2022,,14.325,,,,
Tarumirim/MG,Sim,26/07/2021,,14.280,,,,
Chapada Gaúcha/MG,Sim,28/07/2021,,14.217,,,,
Cabo Verde/MG,Sim,18/05/2021,,14.074,,,,
Maria da Fé/MG,Sim,18/11/2022,,14.019,,,,
Itaguara/MG,Sim,18/10/2021,,13.510,,,,
Monte Belo/MG,Sim,11/01/2022,,13.139,,,,
Lagoa Dourada/MG,Sim,01/10/2021,,13.115,,,,
Mar de Espanha/MG,Sim,13/04/2022,,12.985,,,,
Itaipé/MG,Sim,10/07/2023,,12.910,,,,
Cambuquira/MG,Sim,15/06/2021,,12.810,,,,
São Geraldo/MG,Sim,10/04/2023,,12.751,,,,
Rio Vermelho/MG,Sim,07/07/2022,,12.635,,,,
Planura/MG,Sim,22/06/2021,,12.445,,,,
Rio Paranaíba/MG,Sim,29/06/2021,,12.356,,,,
Mato Verde/MG,Sim,09/06/2021,,12.367,,,,
Itanhomi/MG,Sim,01/07/2021,,12.259,,,,
Caetanópolis/MG,Sim,16/11/2022,,11.869,,,,
Serra do Salitre/MG,Sim,01/07/2021,,11.750,,,,
Resende Costa/MG,Sim,22/10/2021,,11.578,,,,
Bonito de Minas/MG,Sim,14/03/2023,,11.502,,,,
Antônio Carlos/MG,Sim,28/02/2023,,11.471,,,,
Porto Firme/MG,Sim,03/04/2023,,11.414,,,,
Divisópolis/MG,Sim,26/04/2023,,11.396,,,,
Eugenópolis/MG,Sim,14/04/2023,,11.383,,,,
Itatiaiuçu/MG,Sim,23/11/2021,,11.354,,,,
Engenheiro Caldas/MG,Sim,13/12/2021,,11.268,,,,
São Gonçalo do Rio Abaixo/MG,Sim,16/11/2020,10/11/2021,11.114,,,,
Pedralva/MG,Sim,28/10/2022,,11.098,,,,
Iapu/MG,Sim,28/06/2022,,11.085,,,,
Arceburgo/MG,Sim,14/06/2022,,10.990,,,,
Bueno Brandão/MG,Sim,09/12/2021,,10.982,,,,
São Tiago/MG,Sim,13/10/2021,,10.979,,,,
Prudente de Morais/MG,Sim,21/12/2022,,10.931,,,,
Novo Oriente de Minas/MG,Sim,12/07/2023,,10.800,,,,
Juruaia/MG,Sim,26/07/2021,,10.795,,,,
Pirapetinga/MG,Sim,12/05/2023,,10.791,,,,
Piraúba/MG,Sim,13/04/2023,,10.732,,,,
Rio Acima/MG,Sim,17/06/2021,,10.524,,,,
Recreio/MG,Sim,08/07/2021,,10.522,,,,
Ninheira/MG,Sim,01/10/2021,,10.355,,,,
Buenópolis/MG,Sim,28/06/2021,,10.342,,,,
Dores de Campos/MG,Sim,20/10/2021,,10.291,,,,
Bela Vista de Minas/MG,Sim,05/12/2022,,10.269,,,,
Cristina/MG,Sim,30/12/2019,16/03/2022,10.211,,,,
Itapeva/MG,Sim,08/12/2021,,9.976,,,,
Formoso/MG,Sim,10/05/2022,,9.810,,,,
Frei Inocêncio/MG,Sim,20/07/2021,,9.716,,,,
Riacho dos Machados/MG,Sim,22/09/2022,,9.471,,,,
Cachoeira de Pajeú/MG,Sim,01/10/2021,,9.470,,,,
Açucena/MG,Sim,25/11/2021,,9.270,,,,
Antônio Dias/MG,Sim,13/06/2022,,9.233,,,,
Prados/MG,Sim,14/10/2021,,9.128,,,,
Monsenhor Paulo/MG,Sim,25/05/2023,,8.764,,,,
Santa Cruz de Minas/MG,Sim,08/10/2021,,8.723,,,,
Nazareno/MG,Sim,20/10/2021,,8.710,,,,
Mata Verde/MG,Sim,11/11/2022,,8.700,,,,
Capitólio/MG,Sim,15/06/2021,,8.693,,,,
Piranguinho/MG,Sim,15/03/2022,,8.683,,,,
Pratápolis/MG,Sim,julho/2021,,8.530,,,,
São Gonçalo do Abaeté/MG,Sim,02/07/2021,,8.527,,,,
Ibiaí/MG,Sim,02/09/2021,,8.478,,,,
Campo Florido/MG,Sim,31/01/2020,19/10/2022,8.383,,,,
Guimarânia/MG,Sim,01/07/2021,,8.168,,,,
Tiradentes/MG,Sim,20/10/2021,,8.160,,,,
Riachinho/MG,Sim,28/08/2021,,8.132,,,,
Delfim Moreira/MG,Sim,22/11/2022,,8.007,,,,
Japonvar/MG,Sim,19/09/2022,,7.991,,,,
Iguatama/MG,Sim,15/06/2021,,7.901,,,,
Curral de Dentro/MG,Sim,02/08/2021,,7.867,,,,
Jenipapo de Minas/MG,Sim,23/06/2022,,7.781,,,,
Baldim/MG,Sim,27/10/2021,,7.780,,,,
Serrania/MG,Sim,21/12/2021,21/06/2023,7.667,,,,
Divinolândia de Minas/MG,Sim,20/07/2021,,7.655,,,,
Limeira do Oeste/MG,Sim,15/09/2022,,7.640,,,,
Coimbra/MG,Sim,31/03/2023,,7.631,,,,
Inimutaba/MG,Sim,07/11/2022,,7.605,,,,
Florestal/MG,Sim,01/07/2021,,7.602,,,,
Moema/MG,Sim,04/05/2021,,7.589,,,,
Lagamar/MG,Sim,29/06/2021,,7.588,,,,
São João Batista do Glória/MG,Sim,24/03/2020,,7.541,,,,
Dionísio/MG,Sim,08/01/2022,,7.493,,,,
Alpercata/MG,Sim,06/07/2021,,7.448,,,,
Indaiabira/MG,Sim,22/10/2021,,7.328,,,,
Santo Antônio do Retiro/MG,Sim,05/10/2021,,7.316,,,,
Machacalis/MG,Sim,30/06/2023,,7.112,,,,
Naque/MG,Sim,01/06/2022,,7.104,,,,
São Roque de Minas/MG,Sim,11/11/2021,,7.100,,,,
Iraí de Minas/MG,Sim,10/11/2021,,7.067,,,,
Alfredo Vasconcelos/MG,Sim,27/02/2023,,7.052,,,,
Santana da Vargem/MG,Sim,18/06/2021,,7.047,,,,
Sapucaí-Mirim/MG,Sim,20/10/2022,,7.045,,,,
Guidoval/MG,Sim,28/04/2023,,7.026,,,,
Cabeceira Grande/MG,Sim,31/08/2021,,7.025,,,,
Conquista/MG,Sim,26/11/2021,,6.997,,,,
São Tomás de Aquino/MG,Sim,09/11/2021,,6.980,,,,
Confins/MG,Sim,11/08/2021,,6.867,,,,
Capetinga/MG,Sim,julho/2021,,6.860,,,,
Laranjal/MG,Sim,19/08/2022,,6.856,,,,
Galileia/MG,Sim,24/08/2021,,6.764,,,,
Periquito/MG,Sim,22/06/2022,,6.738,,,,
Dona Euzébia/MG,Sim,23/03/2023,,6.664,,,,
Comercinho/MG,Sim,maio/2022,,6.624,,,,
Lassance/MG,Sim,18/11/2022,,6.494,,,,
Pirajuba/MG,Sim,23/06/2021,,6.491,,,,
Padre Carvalho/MG,Sim,03/08/2021,,6.466,,,,
Vargem Alegre/MG,Sim,16/08/2021,,6.460,,,,
Bom Jardim de Minas/MG,Sim,04/09/2023,,6.444,,,,
Córrego Fundo/MG,Sim,04/04/2022,,6.425,,,,
Sardoá/MG,Sim,21/07/2021,,6.421,,,,
São José do Jacuri/MG,Sim,01/07/2022,,6.409,,,,
Tiros/MG,Sim,30/06/2021,,6.369,,,,
Botumirim/MG,Sim,03/08/2021,,6.259,,,,
Olhos-d'Água/MG,Sim,03/08/2021,,6.243,,,,
Catuji/MG,Sim,03/06/2023,,6.206,,,,
Gonzaga/MG,Sim,06/07/2021,,6.184,,,,
Itueta/MG,Sim,10/08/2021,,6.074,,,,
Cristália/MG,Sim,02/08/2021,,5.992,,,,
Munhoz/MG,Sim,dezembro/2021,,5.960,,,,
Ouro Verde de Minas/MG,Sim,14/07/2023,,5.895,,,,
Frei Gaspar/MG,Sim,21/06/2021,,5.858,,,,
Bandeira do Sul/MG,Sim,24/01/2022,,5.808,,,,
Senhora de Oliveira/MG,Sim,27/02/2023,,5.786,,,,
Nova União/MG,Sim,11/08/2021,,5.739,,,,
Rubelita/MG,Sim,04/07/2023,,5.609,,,,
Capitão Andrade/MG,Sim,27/01/2020,,5.559,,,,
Piranguçu/MG,Sim,20/10/2022,,5.504,,,,
Mesquita/MG,Sim,22/02/2022,,5.489,,,,
Catas Altas/MG,Sim,22/11/2022,,5.465,,,,
Jampruca/MG,Sim,dezembro/2021,,5.453,,,,
Itacambira/MG,Sim,03/08/2021,,5.447,,,,
Datas/MG,Sim,13/06/2022,,5.431,,,,
Entre Folhas/MG,Sim,01/06/2022,,5.383,,,,
São José do Goiabal/MG,Sim,29/11/2022,,5.356,,,,
Novorizonte/MG,Sim,02/08/2021,,5.348,,,,
Presidente Bernardes/MG ,Sim,06/04/2023,,5.315,,,,
Aricanduva/MG,Sim,27/05/2022,,5.305,,,,
Virgolândia/MG,Sim,08/07/2021,,5.303,,,,
Franciscópolis/MG,Sim,07/03/2023,,5.287,,,,
Volta Grande/MG,Sim,15/06/2023,,5.270,,,,
Francisco Dumont/MG,Sim,02/08/2021,,5.268,,,,
Fruta de Leite/MG,Sim,02/08/2021,,5.232,,,,
Dom Silvério/MG,Sim,01/12/2022,,5.227,,,,
Jequitibá/MG,Sim,16/11/2022,,5.203,,,,
Cristiano Otoni/MG,Sim,24/02/2023,,5.161,,,,
Dores de Guanhães/MG,Sim,06/06/2022,,5.139,,,,
São Pedro do Suaçuí/MG,Sim,27/05/2021,,5.160,,,,
Madre de Deus de Minas/MG,Sim,26/10/2021,,5.119,,,,
Descoberto/MG,Sim,13/04/2022,,5.044,,,,
Cuparaque/MG,Sim,08/12/2021,,5.026,,,,
Dom Cavati/MG,Sim,03/06/2022,,5.025,,,,
Guaraciama/MG,Sim,03/08/2021,,5.005,,,,
Uberlândia/MG,Parcial,27/11/2019,,699.097,Dispensa apenas o licenciamento sanitário,,,
Betim/MG,Não,,,444.784,Prefeito vetou,,,
Teófilo Otoni/MG,Não,,,140.937,Não,,,
Caratinga/MG,Não,,,92.603,Não,,,
Patrocínio/MG,Não,,,91.449,Não,,,
Manhuaçu/MG,Não,,,91.169,Não,,,
Unaí/MG,Não,,,84.930,Não,,,
Alfenas/MG,Não,,,80.973,Não,,,
Janaúba/MG,Não,,,72.374,Não,,,
Esmeraldas/MG,Não,,,60.153,PL 26/2021,,,
São Francisco/MG,Não,,,56.625,Não,,,
Congonhas/MG,Não,,,55.309,Não,,,
Monte Carmelo/MG,Não,,,48.049,Não,,,
João Pinheiro/MG,Não,,,45.260,Não,,,
Brumadinho/MG,Não,,,41.208,Não,,,
Boa Esperança/MG,Não,,,40.219,Não,,,
Iturama/MG,Não,,,40.101,Não,,,
Varzea da Palma/MG,Não,,,40.101,Não,,,
Jaíba/MG,Não,,,39.850,Não,,,
Capelinha/MG,Não,,,38.321,Não,,,
Araçuaí/MG,Não,,,36.705,Não,,,
Piumhi/MG,Não,,,35.137,Não,,,
Itamarandiba/MG,Não,,,34.936,Não,,,
Carangola/MG,Não,,,33.022,Não,,,
Brasília de Minas/MG,Não,,,32.460,Não,,,
Mateus Leme/MG,Não,,,31.631,Não,,,
Espinosa/MG,Não,,,31.603,Não,,,
Minas Novas/MG,Não,,,31.509,Não,,,
Cláudio/MG,Não,,,29.093,Não,,,
Conceição das Alagoas/MG,Não,,,28.782,Não,,,
Santo Antônio do Monte/MG,Não,,,28.603,Não,,,
Elói Mendes/MG,Não,,,28.556,Não,,,
Pitangui/MG,Não,,,28.433,Não,,,
Buritizeiro/MG,Não,,,28.184,Não,,,
Belo Oriente/MG,Não,,,27.277,Não,,,
Mutum/MG,Não,,,26.945,Não,,,
Jequitinhonha/MG,Não,,,25.555,Não,,,
Ibiá/MG,Não,,,25.511,Não,,,
Tupaciguara/MG,Não,,,25.466,Não,,,
Buritis/MG,Não,,,25.179,Não,,,
São João da Ponte/MG,Não,,,25.033,Não,,,
Paraopeba/MG,Não,,,24.854,Não,,,
Pedra Azul/MG,Não,,,24.333,Não,,,
Monte Sião/MG,Não,,,24.247,Não,,,
Inhapim/MG,Não,,,24.020,Não,,,
Caraí/MG,Não,,,23.872,Não,,,
Abaeté/MG,Não,,,23.263,Não,,,
Manhumirim/MG,Não,,,22.894,Não,,,
Itapecerica/MG,Não,,,21.760,Não,,,
Paraguaçu/MG,Não,,,21.693,Não,,,
Perdões/MG,Não,,,21.577,Não,,,
Monte Alegre de Minas/MG,Não,,,21.349,Não,,,
Carmo do Rio Claro/MG,Não,,,21.310,Não,,,
Itaobim/MG,Não,,,20.997,Não,,,
Lambari/MG,Não,,,20.995,Não,,,
Barroso/MG,Não,,,20.981,Não,,,
Serro/MG,Não,,,20.915,Não,,,
Vazante/MG,Não,,,20.692,Não,,,
Padre Paraíso/MG,Não,,,20.346,Não,,,
Alpinópolis/MG,Não,,,20.059,Não,,,
Divino/MG,Não,,,20.020,Não,,,
Lajinha/MG,Não,,,19.914,Não,,,
Simonésia/MG,Não,,,19.834,Não,,,
Campina Verde/MG,Não,,,19.759,Não,,,
Carmópolis de Minas/MG,Não,,,19.756,Não,,,
Varzelândia/MG,Não,,,19.290,Não,,,
Águas Formosas/MG,Não,,,19.285,Não,,,
Baependi/MG,Não,,,19.249,Não,,,
Matipó/MG,Não,,,19.098,Não,,,
Fronteira/MG,Não,,,18.866,Não,,,
Ladainha/MG,Não,,,18.272,Não,,,
Itacarambi/MG,Não,,,18.175,Não,,,
Manga/MG,Não,,,18.051,Não,,,
Rio Pomba/MG,Não,,,18.007,Não,,,
Piranga/MG,Não,,,17.641,Não,,,
Bom Sucesso/MG,Não,,,17.612,Não,,,
Peçanha/MG,Não,,,17.534,Não,,,
Urucuia/MG,Não,,,17.470,Não,,,
Brasilândia de Minas/MG,Não,,,16.950,Não,,,
Poço Fundo/MG,Não,,,16.900,Não,,,
Lima Duarte/MG,Não,,,16.749,Não,,,
Poté/MG,Não,,,16.675,Não,,,
Passa Quatro/MG,Não,,,16.439,Não,,,
Santa Margarida/MG,Não,,,16.393,Não,,,
Capinópolis/MG,Não,,,16.294,Não,,,
Nova Ponte/MG,Não,,,16.046,Não,,,
Papagaios/MG,Não,,,15.922,Não,,,
Itamonte/MG,Não,,,15.844,Não,,,
Mário Campos/MG,Não,,,15.814,Não,,,
São João Evangelista/MG,Não,,,15.761,Não,,,
Campos Altos/MG,Não,,,15.661,Não,,,
Cruzília/MG,Não,,,15.529,Não,,,
Itanhandu/MG,Não,,,15.511,Não,,,
Joaílma/MG,Não,,,15.476,Não,,,
Entre Rios de Minas/MG,Não,,,15.458,Não,,,
Sabinópolis/MG,Não,,,15.364,Não,,,
Chapada do Norte/MG,Não,,,15.334,Não,,,
Areado/MG,Não,,,15.288,Não,,,
Miraí/MG,Não,,,15.205,Não,,,
Itinga/MG,Não,,,15.053,Não,,,
Carmo de Minas/MG,Não,,,15.031,Não,,,
Bom Jesus do Galho/MG,Não,,,14.792,Não,,,
Matias Barbosa/MG,Não,,,14.626,Não,,,
Montalvânia/MG,Não,,,14.621,Não,,,
Santa Maria do Suaçuí/MG,Não,,,14.607,Não,,,
Alterosa/MG,Não,,,14.566,Não,,,
Santa Juliana/MG,Não,,,14.497,Não,,,
Guapé/MG,Não,,,14.269,Não,,,
Ibiraci/MG,Não,,,14.128,Não,,,
Conceição do Rio Verde/MG,Não,,,13.729,Não,,,
Virgem da Lapa/MG,Não,,,13.729,Não,,,
Águas Vermelhas/MG,Não,,,13.656,Não,,,
Mirabela/MG,Não,,,13.651,Não,,,
Martinho Campos/MG,Não,,,13.497,Não,,,
Abre Campo/MG,Não,,,13.434,Não,,,
Rio Casca/MG,Não,,,13.384,Não,,,
Dores do Indaiá/MG,Não,,,13.373,Não,,,
Água Boa/MG,Não,,,13.319,Não,,,
São João das Missões/MG,Não,,,13.232,Não,,,
Cristais/MG,Não,,,13.060,Não,,,
Itaipé/MG,Não,,,12.910,Não,,,
São Romão/MG,Não,,,12.713,Não,,,
Ubaí/MG,Não,,,12.661,Não,,,
Ubaporanga/MG,Não,,,12.514,Não,,,
Ilicínea/MG,Não,,,12.511,Não,,,
Ataléia/MG,Não,,,12.496,Não,,,
Setubinha/MG,Não,,,12.493,Não,,,
Jacinto/MG,Não,,,12.320,Não,,,
Pedras de Maria da Cruz/MG,Não,,,12.313,Não,,,
Canápolis/MG,Não,,,12.251,Não,,,
Jequeri/MG,Não,,,12.246,Não,,,
Ponto dos Volantes/MG,Não,,,12.235,Não,,,
Congonhal/MG,Não,,,12.209,Não,,,
Icaraí de Minas/MG,Não,,,12.200,Não,,,
Carmo da Cachoeira/MG,Não,,,12.193,Não,,,
Andrelândia/MG,Não,,,12.189,Não,,,
Perdigão/MG,Não,,,11.994,Não,,,
Conceição dos Ouros/MG,Não,,,11.852,Não,,,
Berilo/MG,Não,,,11.813,Não,,,
Gouveia/MG,Não,,,11.811,Não,,,
São João do Manhuaçu/MG,Não,,,11.785,Não,,,
Teixeiras/MG,Não,,,11.680,Não,,,
Campo do Meio/MG,Não,,,11.648,Não,,,
Itabirinha/MG,Não,,,11.637,Não,,,
Cachoeira de Minas/MG,Não,,,11.609,Não,,,
Santo Antônio do Jacinto/MG,Não,,,11.570,Não,,,
Carmo da Mata/MG,Não,,,11.546,Não,,,
Estiva/MG,Não,,,11.416,Não,,,
Matias Cardoso/MG,Não,,,11.360,Não,,,
Igaratinga/MG,Não,,,11.146,Não,,,
Fervedouro/MG,Não,,,11.100,Não,,,
Delta/MG,Não,,,10.994,Não,,,
Jordânia/MG,Não,,,10.872,Não,,,
Santa Maria de Itabira/MG,Não,,,10.867,Não,,,
Miradouro/MG,Não,,,10.818,Não,,,
Mercês/MG,Não,,,10.775,Não,,,
Alto Rio Doce/MG,Não,,,10.723,Não,,,
Bom Repouso/MG,Não,,,10.527,Não,,,
Senhora dos Remédios/MG,Não,,,10.474,Não,,,
Virginópolis/MG,Não,,,10.459,Não,,,
Conceição da Aparecida/MG,Não,,,10.351,Não,,,
Centralina/MG,Não,,,10.343,Não,,,
Urucânia/MG,Não,,,10.333,Não,,,
Francisco Badaró/MG,Não,,,10.311,Não,,,
Guaraciaba/MG,Não,,,10.307,Não,,,
Rubim/MG,Não,,,10.269,Não,,,
Ipuiuna/MG,Não,,,10.156,Não,,,
Itamogi/MG,Não,,,10.122,Não,,,
Carneirinho/MG,Não,,,10.103,Não,,,
Coroaci/MG,Não,,,9.897,Não,,,
Capim Branco/MG,Não,,,9.896,Não,,,
São Sebastião do Maranhão/MG,Não,,,9.884,Não,,,
Lontra/MG,Não,,,9.766,Não,,,
Lagoa Grande/MG,Não,,,9.681,Não,,,
Paula Cândido/MG,Não,,,9.597,Não,,,
Ferros/MG,Não,,,9.576,Não,,,
Verdelândia/MG,Não,,,9.527,Contato iniciado,,,
Araújos/MG,Não,,,9.523,Não,,,
Carbonita/MG,Não,,,9.423,Não,,,
Caputira/MG,Não,,,9.318,Não,,,
Coronel Murta/MG,Não,,,9.209,Não,,,
Coqueiral/MG,Não,,,9.099,Não,,,
Rio Novo/MG,Não,,,8.964,Não,,,
Morada Nova de Minas/MG,Não,,,8.955,Não,,,
Guarani/MG,Não,,,8.926,Não,,,
Cordisburgo/MG,Não,,,8.903,Não,,,
Santa Rita de Caldas/MG,Não,,,8.900,Não,,,
Piedade de Caratinga/MG,Não,,,8.832,Não,,,
Coluna/MG,Não,,,8.810,Não,,,
Serra dos Aimorés/MG,Não,,,8.725,Não,,,
Pimenta/MG,Não,,,8.715,Não,,,
Santana do Manhuaçu/MG,Não,,,8.660,Não,,,
Virgínia/MG,Não,,,8.652,Não,,,
Martins Soares/MG,Não,,,8.640,Não,,,
Angelândia/MG,Não,,,8.594,Não,,,
Araponga/MG,Não,,,8.467,Não,,,
Pavão/MG,Não,,,8.390,Não,,,
Montezuma/MG,Não,,,8.379,Não,,,
Rodeiro/MG,Não,,,8.333,Não,,,
Pains/MG,Não,,,8.308,Não,,,
Guiricema/MG,Não,,,8.296,Não,,,
Pocrane/MG,Não,,,8.288,Não,,,
Alto Jequitibá/MG,Não,,,8.286,Não,,,
Santa Bárbara do Leste/MG,Não,,,8.212,Não,,,
Orizânia/MG,Não,,,8.138,Não,,,
Maravilhas/MG,Não,,,8.113,Não,,,
Estrela do Sul/MG,Não,,,8.057,Não,,,
Passa Tempo/MG,Não,,,8.031,Não,,,
Senador Firmino/MG,Não,,,7.902,Não,,,
Durandé/MG,Não,,,7.898,Não,,,
São Vicente de Minas/MG,Não,,,7.876,Não,,,
Cônego Marinho/MG,Não,,,7.730,Não,,,
Belo Vale/MG,Não,,,7.723,Não,,,
Jacuí/MG,Não,,,7.695,Não,,,
Tombos/MG,Não,,,7.683,Não,,,
São Pedro dos Ferros/MG,Não,,,7.634,Não,,,
Felisburgo/MG,Não,,,7.548,Não,,,
Pintópolis/MG,Não,,,7.540,Não,,,
Santana de Pirapama/MG,Não,,,7.538,Não,,,
São José da Barra/MG,Não,,,7.532,Não,,,
Nova Porteirinha/MG,Não,,,7.493,Não,,,
Claro dos Poções/MG,Não,,,7.478,Não,,,
Jequitaí/MG,Não,,,7.407,Não,,,
São João do Oriente/MG,Não,,,7.393,Não,,,
Inconfidentes/MG,Não,,,7.387,Não,,,
Sericita/MG,Não,,,7.340,Não,,,
Santa Rita de Minas/MG,Não,,,7.322,Não,,,
Desterro de Entre Rios/MG,Não,,,7.266,Não,,,
Reduto/MG,Não,,,7.247,Não,,,
Engenheiro Navarro/MG,Não,,,7.240,Não,,,
Varjão de Minas/MG,Não,,,7.235,Não,,,
Pedra Bonita/MG,Não,,,7.157,Não,,,
São Tomé das Letras/MG,Não,,,7.151,Não,,,
Delfinópolis/MG,Não,,,7.146,Não,,,
Central de Minas/MG,Não,,,7.059,Não,,,
Abadia dos Dourados/MG,Não,,,7.022,Não,,,
Salto da Divisa/MG,Não,,,7.014,Não,,,
Indianópolis/MG,Não,,,7.009,Não,,,
Araporã/MG,Não,,,6.992,Não,,,
Imbé de Minas/MG,Não,,,6.976,Não,,,
São Miguel do Anta/MG,Não,,,6.949,Não,,,
São Sebastião do Oeste/MG,Não,,,6.948,Não,,,
Divisa Alegre/MG,Não,,,6.946,Não,,,
Bonfim/MG,Não,,,6.852,Não,,,
Careaçu/MG,Não,,,6.826,Não,,,
Crisólita/MG,Não,,,6.814,Não,,,
Cipotânea/MG,Não,,,6.811,Não,,,
Tumiritinga/MG,Não,,,6.797,Não,,,
Luislândia/MG,Não,,,6.735,Não,,,
São Sebastião do Anta/MG,Não,,,6.697,Não,,,
Ijaci/MG,Não,,,6.667,Não,,,
Heliodora/MG,Não,,,6.623,Não,,,
Palma/MG,Não,,,6.606,Não,,,
Mamonas/MG,Não,,,6.565,Não,,,
Guarda-Mor/MG,Não,,,6.558,Não,,,
São Francisco de Paula/MG,Não,,,6.512,Não,,,
Mendes Pimentel/MG,Não,,,6.446,Não,,,
Santa Helena de Minas/MG,Não,,,6.406,Não,,,
Piracema/MG,Não,,,6.386,Não,,,
Inhaúma/MG,Não,,,6.352,Não,,,
Toledo/MG,Não,,,6.336,Não,,,
São Francisco de Sales/MG,Não,,,6.309,Não,,,
Silvianópolis/MG,Não,,,6.258,Não,,,
Luisburgo/MG,Não,,,6.249,Não,,,
Soledade de Minas/MG,Não,,,6.226,Não,,,
Bom Jesus do Amparo/MG,Não,,,6.182,Não,,,
Pai Pedro/MG,Não,,,6.098,Não,,,
Divisa Nova/MG,Não,,,6.039,Não,,,
Patis/MG,Não,,,6.031,Não,,,
Itumirim/MG,Não,,,5.978,Não,,,
São João do Manteninha/MG,Não,,,5.975,Não,,,
Aiuruoca/MG,Não,,,5.949,Não,,,
Alto Caparaó/MG,Não,,,5.938,Não,,,
Rio Manso/MG,Não,,,5.924,Não,,,
Pouso Alto/MG,Não,,,5.862,Não,,,
Patrocínio do Muriaé/MG,Não,,,5.744,Não,,,
Veredinha/MG,Não,,,5.733,Não,,,
Juvenília/MG,Não,,,5.706,Não,,,
Chalé/MG,Não,,,5.695,Não,,,
São Domingos das Dores/MG,Não,,,5.672,Não,,,
São Sebastião da Bela Vista/MG,Não,,,5.598,Não,,,
Cana Verde/MG,Não,,,5.585,Não,,,
Caiana/MG,Não,,,5.584,Não,,,
Conceição do Pará/MG,Não,,,5.558,Não,,,
Gurinhatã/MG,Não,,,5.516,Não,,,
Rio Preto/MG,Não,,,5.493,Não,,,
Sobrália/MG,Não,,,5.476,Não,,,
Caparaó/MG,Não,,,5.464,Não,,,
Luminárias/MG,Não,,,5.431,Não,,,
Santa Rita do Itueto/MG,Não,,,5.426,Não,,,
São Bento Abade/MG,Não,,,5.411,Não,,,
Bonfinópolis de Minas/MG,Não,,,5.397,Não,,,
Senador Amaral/MG,Não,,,5.365,Não,,,
Ibiracatu/MG,Não,,,5.340,Não,,,
Rio Espera/MG,Não,,,5.332,Não,,,
Itaverava/MG,Não,,,5.321,Não,,,
Barão de Monte Alto/MG,Não,,,5.311,Não,,,
Santa Maria de Salto/MG,Não,,,5.203,Não,,,
Palmópolis/MG,Não,,,5.196,Não,,,
São José da Varginha/MG,Não,,,5.151,Não,,,
Rio do Prado/MG,Não,,,5.117,Não,,,
José Raydan/MG,Não,,,5.104,Não,,,
Turvolândia/MG,Não,,,5.099,Não,,,
Bocaína de Minas/MG,Não,,,5.088,Não,,,
Gameleiras/MG,Não,,,5.084,Não,,,
Crucilândia/MG,Não,,,5.072,Não,,,
Congonhas do Norte/MG,Não,,,5.047,Não,,,
Vargem Grande do Rio Pardo/MG,Não,,,5.045,Não,,,
Piedade dos Gerais/MG,Não,,,5.034,Não,,,
Pingo-d'Água/MG,Não,,,5.029,Não,,,